{
  "model": "ollama/gemma2",
  "temperature": 0.0,
  "total_papers": 60,
  "accuracy": 0.95,
  "precision": 0.9387755102040817,
  "recall": 1.0,
  "f1_score": 0.968421052631579,
  "confusion_matrix": [
    [
      11,
      3
    ],
    [
      0,
      46
    ]
  ],
  "classification_report": "              precision    recall  f1-score   support\n\n       Other       1.00      0.79      0.88        14\n      Review       0.94      1.00      0.97        46\n\n    accuracy                           0.95        60\n   macro avg       0.97      0.89      0.92        60\nweighted avg       0.95      0.95      0.95        60\n"
}