{
  "model": "gpt-4o-mini",
  "temperature": 0.0,
  "total_papers": 60,
  "accuracy": 0.9666666666666667,
  "precision": 0.9782608695652174,
  "recall": 0.9782608695652174,
  "f1_score": 0.9782608695652174,
  "confusion_matrix": [
    [
      13,
      1
    ],
    [
      1,
      45
    ]
  ],
  "classification_report": "              precision    recall  f1-score   support\n\n       Other       0.93      0.93      0.93        14\n      Review       0.98      0.98      0.98        46\n\n    accuracy                           0.97        60\n   macro avg       0.95      0.95      0.95        60\nweighted avg       0.97      0.97      0.97        60\n"
}