{
  "model": "ollama/llama3.3",
  "temperature": 0.0,
  "total_papers": 60,
  "accuracy": 0.9666666666666667,
  "precision": 0.9545454545454546,
  "recall": 0.9545454545454546,
  "f1_score": 0.9545454545454546,
  "confusion_matrix": [
    [
      37,
      1
    ],
    [
      1,
      21
    ]
  ],
  "classification_report": "              precision    recall  f1-score   support\n\n       Other       0.97      0.97      0.97        38\n      Review       0.95      0.95      0.95        22\n\n    accuracy                           0.97        60\n   macro avg       0.96      0.96      0.96        60\nweighted avg       0.97      0.97      0.97        60\n"
}